"Epic","Feature","Story","FAILED","BROKEN","PASSED","SKIPPED","UNKNOWN"
"","Authentication","As an active user, I want to see an error message when entering an incorrect case password","0","0","1","0","0"
"","Authentication","As an active user, I want to see an error message when whitespace is present in the password field","0","0","1","0","0"
"","Authentication","As an active user, I want to see correct login instructions","1","0","0","0","0"
"","Authentication","As an active user, I want to successfully sign in using a valid password","0","0","1","0","0"
"","Authentication","As an active user, I want to see an error message when only the username is empty","0","0","1","0","0"
"","Authentication","As an active user, I want to see an error message when entering an incorrect case username","0","0","1","0","0"
"","Authentication","As an active user, I want to see an error message when both username and password are invalid","0","0","1","0","0"
"","","","0","0","0","1","0"
"","Authentication","As an active user, I want to see an error message when only the password is empty","0","0","1","0","0"
"","Authentication","As an active user, I want to see an error message when entering an invalid username","0","0","1","0","0"
"","Seed from Playwright Agents","This test is used as a seed for Playwright Agents to generate new tests","0","0","1","0","0"
"","Authentication","As an active user, I want to see an error message when trying to log in with both fields empty","0","0","1","0","0"
"","Authentication","As an active user, I want to see an error message when whitespace is present in either field","0","0","1","0","0"
